model,mae,mape
last_4_week_mean,517.375,1.5922708770946516
seasonal_naive_or_8w_mean,678.625,1.2562297717294066
sarima_weekly_s4,519.8041505668916,1.5331912708952227
